
{
	"allowSleep" : true,
	"autoClearForces" : true,
	"body" : 
	[
		
		{
			"angle" : 0,
			"angularVelocity" : 0,
			"awake" : true,
			"customProperties" : 
			[
				
				{
					"name" : "auto",
					"string" : "dacia"
				}
			],
			"fixture" : 
			[
				
				{
					"circle" : 
					{
						"center" : 
						{
							"x" : 1.192092895507813e-007,
							"y" : 0
						},
						"radius" : 0.9014453291893005
					},
					"density" : 3,
					"friction" : 180.0,
					"name" : "fixture0"
				}
			],
			"linearVelocity" : 0,
			"massData-I" : 3.111707210540772,
			"massData-center" : 
			{
				"x" : 1.192092895507813e-007,
				"y" : 0
			},
			"massData-mass" : 7.658609390258789,
			"name" : "kerek",
			"position" : 
			{
				"x" : -84.12931823730469,
				"y" : 33.08221435546875
			},
			"type" : 2
		},
		
		{
			"angle" : 0,
			"angularVelocity" : 0,
			"awake" : true,
			"customProperties" : 
			[
				
				{
					"name" : "auto",
					"string" : "dacia"
				}
			],
			"fixture" : 
			[
				
				{
					"circle" : 
					{
						"center" : 
						{
							"x" : -0.7145230174064636,
							"y" : -0.4371640086174011
						},
						"radius" : 0.2
					},
					"density" : 0.3,
					"friction" : 0.2,
					"name" : "fixture2",
					"sensor" : true
				},
				
				{
					"density" : 1,
					"friction" : 0.2,
					"name" : "fixture3",
					"polygon" : 
					{
						"vertices" : 
						{
							"x" : 
							[
								0.1139853000640869,
								-0.5298197269439697,
								-0.7466223239898682,
								-0.5774104595184326,
								0.009543180465698242
							],
							"y" : 
							[
								-0.5105757713317871,
								-0.2631821632385254,
								-0.7232270240783691,
								-1.347196102142334,
								-1.315468788146973
							]
						}
					}
				},
				
				{
					"density" : 1,
					"friction" : 0.2,
					"name" : "fixture3",
					"polygon" : 
					{
						"vertices" : 
						{
							"x" : 
							[
								0.1139853000640869,
								0.01880383491516113,
								-0.3836667537689209,
								-0.7062270641326904,
								-0.5298197269439697
							],
							"y" : 
							[
								-0.5105757713317871,
								0.4576969146728516,
								0.6110453605651856,
								0.4306654930114746,
								-0.2631821632385254
							]
						}
					}
				}
			],
			"linearVelocity" : 0,
			"massData-I" : 0.7817158699035645,
			"massData-center" : 
			{
				"x" : -0.3042308688163757,
				"y" : -0.4052743017673492
			},
			"massData-mass" : 1.348516345024109,
			"name" : "cigo",
			"position" : 
			{
				"x" : -80.08845520019531,
				"y" : 36.07770538330078
			},
			"type" : 2
		},
		
		{
			"angle" : 0,
			"angularVelocity" : 0,
			"awake" : true,
			"customProperties" : 
			[
				
				{
					"int" : 200000,
					"name" : "min_pontszam"
				},
				
				{
					"name" : "auto",
					"string" : "dacia"
				},
				
				{
					"float" : 40.0,
					"name" : "max_nyomatek"
				},
				
				{
					"float" : 48.0,
					"name" : "max_sebesseg"
				},
				
				{
					"float" : 16.0,
					"name" : "max_surlodas"
				}
			],
			"fixture" : 
			[
				
				{
					"density" : 1,
					"friction" : 0.2,
					"name" : "fejreall",
					"polygon" : 
					{
						"vertices" : 
						{
							"x" : 
							[
								-5.338974952697754,
								-5.338974952697754,
								-5.620807647705078,
								-5.620807647705078
							],
							"y" : 
							[
								1.200819015502930,
								1.482650279998779,
								1.482650279998779,
								1.200819015502930
							]
						}
					},
					"sensor" : true
				},
				
				{
					"density" : 8,
					"friction" : 0.2,
					"name" : "fixture1",
					"polygon" : 
					{
						"vertices" : 
						{
							"x" : [ -1.258989334106445, -2.946778535842896, -2.728040456771851 ],
							"y" : [ -0.8558411598205566, -1.744123935699463, -2.238658189773560 ]
						}
					}
				},
				
				{
					"density" : 8,
					"friction" : 0.2,
					"name" : "fixture1",
					"polygon" : 
					{
						"vertices" : 
						{
							"x" : 
							[
								-3.475810050964356,
								-4.977646827697754,
								-4.776637554168701,
								-3.584426403045654
							],
							"y" : 
							[
								-0.05612087249755859,
								0.05047464370727539,
								-1.537858009338379,
								-1.286323070526123
							]
						}
					}
				},
				
				{
					"density" : 8,
					"friction" : 0.2,
					"name" : "fixture1",
					"polygon" : 
					{
						"vertices" : 
						{
							"x" : 
							[
								2.503453254699707,
								1.576364994049072,
								-1.258989334106445,
								-2.728040456771851
							],
							"y" : 
							[
								-2.259564876556397,
								-1.413039207458496,
								-0.8558411598205566,
								-2.238658189773560
							]
						}
					}
				},
				
				{
					"density" : 8,
					"friction" : 0.2,
					"name" : "fixture1",
					"polygon" : 
					{
						"vertices" : 
						{
							"x" : 
							[
								3.218080043792725,
								2.579143047332764,
								1.910434246063232,
								1.576364994049072,
								2.503453254699707
							],
							"y" : 
							[
								-1.380857944488525,
								-0.05698156356811523,
								-0.1689190864562988,
								-1.413039207458496,
								-2.259564876556397
							]
						}
					}
				},
				
				{
					"density" : 8,
					"friction" : 0.2,
					"name" : "fixture1",
					"polygon" : 
					{
						"vertices" : 
						{
							"x" : [ 6.352831840515137, 5.202853202819824, 5.825591087341309 ],
							"y" : [ -1.554465055465698, -1.722158908843994, -1.826024532318115 ]
						}
					}
				},
				
				{
					"density" : 8,
					"friction" : 0.2,
					"name" : "fixture1",
					"polygon" : 
					{
						"vertices" : 
						{
							"x" : 
							[
								-1.258989334106445,
								-3.475810050964356,
								-3.584426403045654,
								-2.946778535842896
							],
							"y" : 
							[
								-0.8558411598205566,
								-0.05612087249755859,
								-1.286323070526123,
								-1.744123935699463
							]
						}
					}
				},
				
				{
					"density" : 8,
					"friction" : 0.2,
					"name" : "fixture1",
					"polygon" : 
					{
						"vertices" : 
						{
							"x" : 
							[
								6.352831840515137,
								6.137410163879395,
								4.498614311218262,
								5.202853202819824
							],
							"y" : 
							[
								-1.554465055465698,
								-0.6486253738403320,
								-1.294444084167481,
								-1.722158908843994
							]
						}
					}
				},
				
				{
					"density" : 8,
					"friction" : 0.2,
					"name" : "fixture1",
					"polygon" : 
					{
						"vertices" : 
						{
							"x" : 
							[
								6.137410163879395,
								2.579143047332764,
								3.218080043792725,
								4.498614311218262
							],
							"y" : 
							[
								-0.6486253738403320,
								-0.05698156356811523,
								-1.380857944488525,
								-1.294444084167481
							]
						}
					}
				},
				
				{
					"density" : 8,
					"friction" : 0.2,
					"name" : "fixture1",
					"polygon" : 
					{
						"vertices" : 
						{
							"x" : 
							[
								2.579143047332764,
								1.220008373260498,
								0.9080276489257813,
								1.910434246063232
							],
							"y" : 
							[
								-0.05698156356811523,
								0.8367815017700195,
								0.7119669914245606,
								-0.1689190864562988
							]
						}
					}
				},
				
				{
					"density" : 1,
					"friction" : 0.2,
					"name" : "fejreall",